"Path","Bytes","SHA256","Priority","ResearchRisk","SourceEvidence"
".gitignore","314","1CF95EDF270B903A693364B160CA8533C8A2B30C4284A5E055DEBE2BF074493B","P2","LOW（未发现直接参考输入；不是来源完整认证）","项目实现／记录；可用Git与本报告范围证据"
"AGENTS.md","24911","89D983644009D70D92CD2FD66572F21E4E39ED1BCD4ADD24BF6EB8A63856EA3A","P2","LOW（未发现直接参考输入；不是来源完整认证）","项目实现／记录；可用Git与本报告范围证据"
"AUTONOMOUS_DESIGN_REVIEW.md","34105","71902EC855459426FE48303ADF81E26D2B7143CE35685D4DA7655631B21F1D22","P2","LOW（未发现直接参考输入；不是来源完整认证）","项目实现／记录；可用Git与本报告范围证据"
"DEVELOPMENT_ROADMAP.md","13247","01C6C859246FB59F60D89BFEED242D270D0ED9DBC7FBFBB78034AD2E95EB7108","P2","LOW（未发现直接参考输入；不是来源完整认证）","项目实现／记录；可用Git与本报告范围证据"
"README.md","4980","B45EBFC30BF36A18DFEA0EE5FC57A4EB695FA28F0DE605FBB76E3C314E082288","P2","LOW（未发现直接参考输入；不是来源完整认证）","项目实现／记录；可用Git与本报告范围证据"
"TASKS.md","5953","6D80ACB15FD332DF358F96D1D25B4B5331456D2E5DBE3E0846C83164ACC550D2","P2","LOW（未发现直接参考输入；不是来源完整认证）","项目实现／记录；可用Git与本报告范围证据"
"TASK_TEMPLATE.md","3971","B92AD302FDB1A280A193BF93A2CB0A78847C9FC7A8ED7D620B41FBACE5190069","P2","LOW（未发现直接参考输入；不是来源完整认证）","项目实现／记录；可用Git与本报告范围证据"
"TASK_WORKFLOW.md","13425","847AEB74070330E7699BFC84DA8C24B38EE91DC80BB046D36961182FD2E643FB","P2","LOW（未发现直接参考输入；不是来源完整认证）","项目实现／记录；可用Git与本报告范围证据"
"game/.editorconfig","33","3B2C749C8A940905A08F727D8BE9017C9568A12421C0AEE7E37E9543B3751B1B","P2","LOW（未发现直接参考输入；不是来源完整认证）","项目实现／记录；可用Git与本报告范围证据"
"game/.gitattributes","80","21B01A606C9F85F18BB9230245F00AB104DF7409CBB2FE9423F6751CA72BA754","P2","LOW（未发现直接参考输入；不是来源完整认证）","项目实现／记录；可用Git与本报告范围证据"
"game/.gitignore","46","D6194B1A176268740A0B7F153BD4926908B4A0955A9A311181C0200B4329BC94","P2","LOW（未发现直接参考输入；不是来源完整认证）","项目实现／记录；可用Git与本报告范围证据"
"game/icon.svg","995","6C80384360A5B269D1054BFB27241258154E2CC8167C522016FDC1820E84E0F8","P2","LOW（未发现直接参考输入；不是来源完整认证）","Godot项目默认图标；初始化提交6a2a0a9及官方教程支持；不是项目原创美术"
"game/icon.svg.import","1010","57BA4E23F5D400B06A7408ADBAECF89CBB051D28486AFA957883799139345DD8","P2","LOW（未发现直接参考输入；不是来源完整认证）","项目实现／记录；可用Git与本报告范围证据"
"game/project.godot","657","098CC80F4CD8D1762FB967B48B191B559E5B9F127FF7819772191D47E6BA4C7E","P2","LOW（未发现直接参考输入；不是来源完整认证）","项目实现／记录；可用Git与本报告范围证据"
"game/data/db33_active_test_movement.tres","349","AEDBC2050BDD365A24A8EB718C9F56FDF1979FFAC88F9403E445527D69C570FF","P1","来源链不全；不据此判定MEDIUM／HIGH复制风险","当前规范／临时配置；看规则矩阵与ISS-PROV-02/03/04"
"game/data/db37_active_test_camera.tres","555","6A740290B4989C32411D71C6018F1D0F00D0D0FB7C0268B235F97BBF14F17EFD","P1","来源链不全；不据此判定MEDIUM／HIGH复制风险","当前规范／临时配置；看规则矩阵与ISS-PROV-02/03/04"
"game/data/prototype_camera.tres","394","7483E58E14FB58AEE87682414EB7A9071AC019B226E6D211455C9F574B5740D8","P1","来源链不全；不据此判定MEDIUM／HIGH复制风险","当前规范／临时配置；看规则矩阵与ISS-PROV-02/03/04"
"game/data/prototype_combat.tres","778","DFC5D8B1E2B9F675208F0E33F269A5139BF1D07A3C127D24ADEAEEF998488EA6","P1","来源链不全；不据此判定MEDIUM／HIGH复制风险","当前规范／临时配置；看规则矩阵与ISS-PROV-02/03/04"
"game/data/prototype_deployment.tres","1207","D0402D698D45EEE213EE15B9A23640B1441478D558BDEB734CF0460F9383AAC7","P1","来源链不全；不据此判定MEDIUM／HIGH复制风险","当前规范／临时配置；看规则矩阵与ISS-PROV-02/03/04"
"game/data/prototype_map.tres","525","A71DD6EEA0342A2DF8A14AE09067BC0C625833B5ECFF69C30ABA8F467DDC26D3","P1","来源链不全；不据此判定MEDIUM／HIGH复制风险","当前规范／临时配置；看规则矩阵与ISS-PROV-02/03/04"
"game/data/prototype_movement.tres","550","96A10646DCF2448AF041F011E4E632F988F257204D2B272A56741B8B6F96E011","P1","来源链不全；不据此判定MEDIUM／HIGH复制风险","当前规范／临时配置；看规则矩阵与ISS-PROV-02/03/04"
"game/data/unit_mobile.tres","471","43848D42B354FA6E0E65E1221DFA5C06EC0680E9C629F29D32F3B5BB0BB3761B","P1","来源链不全；不据此判定MEDIUM／HIGH复制风险","当前规范／临时配置；看规则矩阵与ISS-PROV-02/03/04"
"game/data/unit_stationary.tres","330","B3D24FB77F3BDE1108FC623521018CECC4059956004A668B73D8A31CD19CF7CC","P1","来源链不全；不据此判定MEDIUM／HIGH复制风险","当前规范／临时配置；看规则矩阵与ISS-PROV-02/03/04"
"game/data/unit_unarmed.tres","225","CFF32C1711671B9B1A850DC072675474031FCBCF223664D4CC8868643A731E7B","P1","来源链不全；不据此判定MEDIUM／HIGH复制风险","当前规范／临时配置；看规则矩阵与ISS-PROV-02/03/04"
"game/data/weapon_mobile.tres","286","71AF984DD01CBF0C06E73ACDE1B29453FB8B3965EEFC1E01BC9E4FABD33F3AD3","P1","来源链不全；不据此判定MEDIUM／HIGH复制风险","当前规范／临时配置；看规则矩阵与ISS-PROV-02/03/04"
"game/data/weapon_stationary.tres","287","FDA626F1E6AE25731CEB0FCFA04313CFF25BC5B1BCB75A4479EDC192000E9F1A","P1","来源链不全；不据此判定MEDIUM／HIGH复制风险","当前规范／临时配置；看规则矩阵与ISS-PROV-02/03/04"
"game/data/confirmed/db29.json","15936","AC2FD02F93B87D712B456A7E5DB846377763B46ED25A95699EC008953C349671","P0","未发现足够复制证据；正式DATA采用legacy baseline","工作簿及正式导出，ISS-PROV-01"
"game/data/test_only/acceptance_06c.json","11159","E3BB14A0411C1462951BD59C1B43F636ECE012D806E2CD6F92BFBDE9FF5E2D9B","P2","LOW（本轮独立合成测试链）","空EditorSession→项目测试字段→保存重载；外部编辑器代码不作完整认证"
"game/data/test_only/acceptance_06c_diagnostics.json","886","01B9D73925BB6E8D4AD4E7927C0EED5337034E70538AA200F12B12809A0833E8","P2","LOW（本轮独立合成测试链）","空EditorSession→项目测试字段→保存重载；外部编辑器代码不作完整认证"
"game/data/ui/unit_marker_style.tres","201","7BF6C5ED6F419326C3B323CCF369D5A9048E86EFC789544702C31D0B50337794","P1","来源链不全；不据此判定MEDIUM／HIGH复制风险","当前规范／临时配置；看规则矩阵与ISS-PROV-02/03/04"
"game/data/units/acceptance_06c_armor.tres","209","4E86D892392DE90E31278685D23AE4F70F885A84A2F9317EC547BB7656226ABE","P2","LOW（本轮独立合成测试链）","空EditorSession→项目测试字段→保存重载；外部编辑器代码不作完整认证"
"game/data/units/acceptance_06c_infantry.tres","212","5D77F511C076574049CDA54912F85A35C604E8E0080067D43B359B3EAD120B67","P2","LOW（本轮独立合成测试链）","空EditorSession→项目测试字段→保存重载；外部编辑器代码不作完整认证"
"game/data/units/acceptance_06c_normal.tres","210","0C0DDACE58C4025078D209DB40A6678F2DF238F1E95A1274E093A98C121FE12C","P2","LOW（本轮独立合成测试链）","空EditorSession→项目测试字段→保存重载；外部编辑器代码不作完整认证"
"game/data/units/acceptance_06c_top.tres","207","834B4F80B6D74870F44706C944ECE20216B4DB7C1A3B1C14FB892D6DD21E3339","P2","LOW（本轮独立合成测试链）","空EditorSession→项目测试字段→保存重载；外部编辑器代码不作完整认证"
"game/data/units/db33_active_test_mortar.tres","220","B9209C1F4A543283FDB2BDF34C3617A2E7C8B2BBDF4858FDF62DFA24DD4B21C4","P0","未发现足够复制证据；正式DATA采用legacy baseline","工作簿及正式导出，ISS-PROV-01"
"game/data/units/db33_active_test_squad.tres","218","59295EE2532402BDB6142CFFECD9AFBDE9DA06340A130513CF85098E85DBA8C9","P0","未发现足够复制证据；正式DATA采用legacy baseline","工作簿及正式导出，ISS-PROV-01"
"game/data/units/test_only_motorized_defense.json","3754","F7E6882472C3CCDCEAFF4CE799B5BA2247A7AAC3AC29A71A2FE60EB0FDEF3153","P1","来源链不全；不据此判定MEDIUM／HIGH复制风险","当前规范／临时配置；看规则矩阵与ISS-PROV-02/03/04"
"game/scenes/bootstrap/bootstrap.tscn","433","DF2BBC53BE15BF35430D231F2108B8D5AA2DA8C5268C235F607813E2590B13B3","P2","LOW（未发现直接参考输入；不是来源完整认证）","项目实现／记录；可用Git与本报告范围证据"
"game/scenes/maps/db33_active_test_world.tscn","1333","BB8457813B06A6CF5454CED55A6BC7743842EF75FBBFC746C92CCB6E1F4F4699","P2","LOW（未发现直接参考输入；不是来源完整认证）","项目实现／记录；可用Git与本报告范围证据"
"game/scenes/maps/test_world.tscn","974","B127BE280D8C5DB20B4008DBBAB17447D2E61741F5A5256A25E3E1F005A22EEE","P2","LOW（未发现直接参考输入；不是来源完整认证）","项目实现／记录；可用Git与本报告范围证据"
"game/scenes/replay/replay.tscn","170","0B54EAD866FFC4183E1DAC3B63E4C8CAC624CC3E533615830BB19E9963F8C95B","P2","LOW（未发现直接参考输入；不是来源完整认证）","项目实现／记录；可用Git与本报告范围证据"
"game/scenes/units/unit.tscn","1131","8A7518EFF9B66999C10DCB19508D2BD7C6B306B2CBDDA19D8E9883DE8F4C1E41","P2","LOW（未发现直接参考输入；不是来源完整认证）","项目实现／记录；可用Git与本报告范围证据"
"game/scripts/combat/aiming_simulation.gd","8054","07B8F061E96AF5CFF0D0C60E551DC74200518A1599EDC9ACF5277E50F4765DBF","P2","LOW（未发现直接参考输入；不是来源完整认证）","项目实现／记录；可用Git与本报告范围证据"
"game/scripts/combat/aiming_simulation.gd.uid","20","F4D5D8A60831D8BFBB6CA01FC1CFFDF2441DFA85DAE9B335A498D32D936B4827","P2","LOW（未发现直接参考输入；不是来源完整认证）","项目实现／记录；可用Git与本报告范围证据"
"game/scripts/combat/ammo_definition.gd","1668","D4C6DE51AB88F093BC8169EEAC54262B7454619451FE3D4D9875EA7D0AA5E69C","P2","LOW（未发现直接参考输入；不是来源完整认证）","项目实现／记录；可用Git与本报告范围证据"
"game/scripts/combat/ammo_definition.gd.uid","20","A19F29F6252E04F46FF081C4D071F09C03773B893C296F99FCB9FCFAFEE435E4","P2","LOW（未发现直接参考输入；不是来源完整认证）","项目实现／记录；可用Git与本报告范围证据"
"game/scripts/combat/ammo_selection.gd","4725","974F5818CF0E88FD68FFD212AB1985564B713176885B6AB7FAB8FFAA4CB17896","P2","LOW（未发现直接参考输入；不是来源完整认证）","项目实现／记录；可用Git与本报告范围证据"
"game/scripts/combat/ammo_selection.gd.uid","20","2046E2031B1A41D492272C91154399FCEB231DFE2A5079218219315AC3C7D509","P2","LOW（未发现直接参考输入；不是来源完整认证）","项目实现／记录；可用Git与本报告范围证据"
"game/scripts/combat/artillery_simulation.gd","3401","DC375D0A11DA18983BF611B572B0CCE100D079E0EF27264FB737CD24EF88AEA4","P2","LOW（未发现直接参考输入；不是来源完整认证）","项目实现／记录；可用Git与本报告范围证据"
"game/scripts/combat/artillery_simulation.gd.uid","20","A347BDDA1356A3FF9FF6F2DAE589EE19225C0E1A672AE7F4D84C7C00AE5A5E24","P2","LOW（未发现直接参考输入；不是来源完整认证）","项目实现／记录；可用Git与本报告范围证据"
"game/scripts/combat/attack_target.gd","1309","D8C3C6F8BC9D3094E2E6C65D2FDF5376294B349C69AAAC7563C527B5FAF8B2BC","P2","LOW（未发现直接参考输入；不是来源完整认证）","项目实现／记录；可用Git与本报告范围证据"
"game/scripts/combat/attack_target.gd.uid","20","6262E0414ABA525F3E30DA8660CA3A6BBD97AAD4715B4FF83D0BD32E9E1890BE","P2","LOW（未发现直接参考输入；不是来源完整认证）","项目实现／记录；可用Git与本报告范围证据"
"game/scripts/combat/combat_config.gd","266","26D4E06A65706262AB48E043853ECFD6C4953FB2897A548A01985DA4AB89826B","P2","LOW（未发现直接参考输入；不是来源完整认证）","项目实现／记录；可用Git与本报告范围证据"
"game/scripts/combat/combat_config.gd.uid","19","DF0DEDA1BFF8E1D4E48F4BBAD26C2CAE0026A1905086E2BF18EBB3361744B239","P2","LOW（未发现直接参考输入；不是来源完整认证）","项目实现／记录；可用Git与本报告范围证据"
"game/scripts/combat/combat_event_order.gd","734","D427CF7184616992EF98242B408789D4964271729181B78D3ED720771CA1FBF0","P2","LOW（未发现直接参考输入；不是来源完整认证）","项目实现／记录；可用Git与本报告范围证据"
"game/scripts/combat/combat_event_order.gd.uid","19","2F133EEC3801ADED7E40283E86D006438CBC477B201E31C71C1A3CC2DF6CB128","P2","LOW（未发现直接参考输入；不是来源完整认证）","项目实现／记录；可用Git与本报告范围证据"
"game/scripts/combat/combat_simulation.gd","3119","DC76459A81EA1F852D0B7EF326EA54FDAD9AF196ADE81BE7B4476835C842C2A7","P2","LOW（未发现直接参考输入；不是来源完整认证）","项目实现／记录；可用Git与本报告范围证据"
"game/scripts/combat/combat_simulation.gd.uid","20","0B5C058D49BDC2032CE84CE7335BDFE6B2EABF2B7970F7A24717FC44DB98264D","P2","LOW（未发现直接参考输入；不是来源完整认证）","项目实现／记录；可用Git与本报告范围证据"
"game/scripts/combat/confirmed_data_validator.gd","6394","8C87BAE7FD4A4DCBA0C23EEF4C546D22AA3B01BD2E9E411E58B97F20E55B17C4","P2","LOW（未发现直接参考输入；不是来源完整认证）","项目实现／记录；可用Git与本报告范围证据"
"game/scripts/combat/confirmed_data_validator.gd.uid","20","65AAED60F4EDB9109C86FA439019E45423B1304DEAAE2485F2AC1246AE9ECD42","P2","LOW（未发现直接参考输入；不是来源完整认证）","项目实现／记录；可用Git与本报告范围证据"
"game/scripts/combat/confirmed_game_data.gd","8552","CDB1F6EB394686FC25621102DA5655CB07C6FD1B256C64CEC9835FA8E42F88AB","P2","LOW（未发现直接参考输入；不是来源完整认证）","项目实现／记录；可用Git与本报告范围证据"
"game/scripts/combat/confirmed_game_data.gd.uid","19","7253C3698166E38ED0B80483439B4AF00BACCDBB7DB5EB8EDC0E8C507B6DB86A","P2","LOW（未发现直接参考输入；不是来源完整认证）","项目实现／记录；可用Git与本报告范围证据"
"game/scripts/combat/db29_combat_timeline.gd","9859","A78E9DD2AEF5080D39AC692988100F17714C26035617DD91DBFD902D630588D9","P2","LOW（未发现直接参考输入；不是来源完整认证）","项目实现／记录；可用Git与本报告范围证据"
"game/scripts/combat/db29_combat_timeline.gd.uid","20","EE7FD1AD8A69129B13959D9ECD2DC4066EE8F8A4530FE6A315B21DD88F2A42DB","P2","LOW（未发现直接参考输入；不是来源完整认证）","项目实现／记录；可用Git与本报告范围证据"
"game/scripts/combat/db29_projectile_simulation.gd","9816","B68A9D4CF8A58909CF0E70912EF2E437BC7CBE02538472019B6097B46F3D24BD","P2","LOW（未发现直接参考输入；不是来源完整认证）","项目实现／记录；可用Git与本报告范围证据"
"game/scripts/combat/db29_projectile_simulation.gd.uid","20","630E1CC1C23FAEB7AD7388D691C1A518821911200E4D23CBD5D96DCD51D25944","P2","LOW（未发现直接参考输入；不是来源完整认证）","项目实现／记录；可用Git与本报告范围证据"
"game/scripts/combat/direct_ballistics.gd","1964","AE56AEC1BA3AD75E74C830BBD9FA2B52446CA22FA6F165977B17510EE834A50E","P2","LOW（未发现直接参考输入；不是来源完整认证）","项目实现／记录；可用Git与本报告范围证据"
"game/scripts/combat/direct_ballistics.gd.uid","20","34C2950604696C1EAA5007331F3E2E0A661B79AC9F0523316933ADF960B7843C","P2","LOW（未发现直接参考输入；不是来源完整认证）","项目实现／记录；可用Git与本报告范围证据"
"game/scripts/combat/direct_hit_settlement.gd","5237","99DCD36D58B95E7DE1A5198188924496A21AD6CCBBCBB69E0CFB74629129BEB8","P2","LOW（未发现直接参考输入；不是来源完整认证）","项目实现／记录；可用Git与本报告范围证据"
"game/scripts/combat/direct_hit_settlement.gd.uid","20","70B6E3363413FA0576E91B713EBACE7677D8216E4B505AA515F1BBCF245B41FD","P2","LOW（未发现直接参考输入；不是来源完整认证）","项目实现／记录；可用Git与本报告范围证据"
"game/scripts/combat/explosion_geometry.gd","1769","C4CE95602C13BC9B0716F706DB589B9B775052E945D85BD72BDF5FA73CC73AA2","P2","LOW（未发现直接参考输入；不是来源完整认证）","项目实现／记录；可用Git与本报告范围证据"
"game/scripts/combat/explosion_geometry.gd.uid","19","5E4F03DC8DB32A937ADA3322740DC326407D1386ED88973804107566D8B29F6B","P2","LOW（未发现直接参考输入；不是来源完整认证）","项目实现／记录；可用Git与本报告范围证据"
"game/scripts/combat/explosion_settlement.gd","5380","65474206F92840317AD9CCCB243338E4B3C45531C39FBFD870D20D99264B3D20","P2","LOW（未发现直接参考输入；不是来源完整认证）","项目实现／记录；可用Git与本报告范围证据"
"game/scripts/combat/explosion_settlement.gd.uid","20","692892643C460E0315256705CAE02A983CF17C8A894802D01C26109BBBBC6C62","P2","LOW（未发现直接参考输入；不是来源完整认证）","项目实现／记录；可用Git与本报告范围证据"
"game/scripts/combat/fire_simulation.gd","8108","62003E38283FD24A336C6845D71F00E689D709FDEA5C2D9F24E210F1DB9CDFDA","P2","LOW（未发现直接参考输入；不是来源完整认证）","项目实现／记录；可用Git与本报告范围证据"
"game/scripts/combat/fire_simulation.gd.uid","20","5AECAC4653FE3EE86362609C0BA96433215A578A3CFFA38E3031A9475650270A","P2","LOW（未发现直接参考输入；不是来源完整认证）","项目实现／记录；可用Git与本报告范围证据"
"game/scripts/combat/firing_frame.gd","11026","67C75D7733E5ED2C1AB10C7543E3B6FB26803826D471995D0720E77F7E734E21","P2","LOW（未发现直接参考输入；不是来源完整认证）","项目实现／记录；可用Git与本报告范围证据"
"game/scripts/combat/firing_frame.gd.uid","20","DF87360BB26AC5906C46EA42C50D6D8BD3B0BCCE3E9DEE3CDAF7AC98CD9134E9","P2","LOW（未发现直接参考输入；不是来源完整认证）","项目实现／记录；可用Git与本报告范围证据"
"game/scripts/combat/fixed_fire_scheduler.gd","12362","A2D84AF2C83008C5F822DF2E5F841C46060BDC2623D0809F308419730F4DB62E","P2","LOW（未发现直接参考输入；不是来源完整认证）","项目实现／记录；可用Git与本报告范围证据"
"game/scripts/combat/fixed_fire_scheduler.gd.uid","20","EF582B93CFF05471BC1D47FCF02D47193169A312F1BD64EA4EE737F03A379667","P2","LOW（未发现直接参考输入；不是来源完整认证）","项目实现／记录；可用Git与本报告范围证据"
"game/scripts/combat/fixed_step_clock.gd","1006","36B62C4F0A32D1574FA1BCAE2458787AE2B2FB99DB34BCB638C0DEE57F8D874E","P2","LOW（未发现直接参考输入；不是来源完整认证）","项目实现／记录；可用Git与本报告范围证据"
"game/scripts/combat/fixed_step_clock.gd.uid","20","44316920ABA013EFAC539D549A77074E97B7E7DB2972C5830F2E0F26074B0D47","P2","LOW（未发现直接参考输入；不是来源完整认证）","项目实现／记录；可用Git与本报告范围证据"
"game/scripts/combat/generated_combat_catalog.gd","2940","F74D809B568F90711C13337C52A71C5379D46891281549D781F53147C90D9CEC","P0","未发现足够复制证据；正式DATA采用legacy baseline","工作簿及正式导出，ISS-PROV-01"
"game/scripts/combat/generated_combat_catalog.gd.uid","20","3C36D198DD4F3F8031CDA68F960CA74CAFE0D641A12637AE7753180C72BEB370","P0","未发现足够复制证据；正式DATA采用legacy baseline","工作簿及正式导出，ISS-PROV-01"
"game/scripts/combat/gravity_ballistics.gd","4930","6EC8A62E8D20C7C7702B577CA5411F27B758E95B392D3AF8841D9793A7E011C9","P2","LOW（未发现直接参考输入；不是来源完整认证）","项目实现／记录；可用Git与本报告范围证据"
"game/scripts/combat/gravity_ballistics.gd.uid","19","4CA10E09C112885BE7E26524C21758590DAA85019A086A753612608F6DE2A1FD","P2","LOW（未发现直接参考输入；不是来源完整认证）","项目实现／记录；可用Git与本报告范围证据"
"game/scripts/combat/impact_damage_rules.gd","3074","99B71CAD25B73898484316C381E31BB7F36C9FD1A7D2575399E2045265347F1D","P2","LOW（未发现直接参考输入；不是来源完整认证）","项目实现／记录；可用Git与本报告范围证据"
"game/scripts/combat/impact_damage_rules.gd.uid","20","62BBB5797E9825E7A43709EE5349DDB69AB70BAB2D83AF1A5EC30146B27910E3","P2","LOW（未发现直接参考输入；不是来源完整认证）","项目实现／记录；可用Git与本报告范围证据"
"game/scripts/combat/ordered_fire_step.gd","5061","50FB56FEC6B5618B79440BE720CEB263267FC36561F67789DB04915F93D54A5C","P2","LOW（未发现直接参考输入；不是来源完整认证）","项目实现／记录；可用Git与本报告范围证据"
"game/scripts/combat/ordered_fire_step.gd.uid","20","FA64C8166A78F200675AD40C402F8B634620CF0698DCE1A73919CA3893BD70DD","P2","LOW（未发现直接参考输入；不是来源完整认证）","项目实现／记录；可用Git与本报告范围证据"
"game/scripts/combat/ordered_projectile_step.gd","9451","318AAD67E2E5492C91332AFC70A9FD868CD570A9ABC5BD71C84B6DF6B4CB1D80","P2","LOW（未发现直接参考输入；不是来源完整认证）","项目实现／记录；可用Git与本报告范围证据"
"game/scripts/combat/ordered_projectile_step.gd.uid","20","AC24FFA6FC183A4C8E4FF47B2D18BB16D94F2990396EA7119DAC1E3124A5AF86","P2","LOW（未发现直接参考输入；不是来源完整认证）","项目实现／记录；可用Git与本报告范围证据"
"game/scripts/combat/projectile_collision_world.gd","8031","8C69DD4CD68A83E31D458A41EF12613D99CD4B1EA4610F6345C290E31F70476F","P2","LOW（未发现直接参考输入；不是来源完整认证）","项目实现／记录；可用Git与本报告范围证据"
"game/scripts/combat/projectile_collision_world.gd.uid","19","F12D5081205F7A2B8E166C13000D81C3CD4874212B699C5DCF584A21694AED88","P2","LOW（未发现直接参考输入；不是来源完整认证）","项目实现／记录；可用Git与本报告范围证据"
"game/scripts/combat/projectile_definition.gd","771","98B4BBFE43E9BDC03C65A38FDF356EE85333C24641C2E28A3528D9F0154AE696","P2","LOW（未发现直接参考输入；不是来源完整认证）","项目实现／记录；可用Git与本报告范围证据"
"game/scripts/combat/projectile_definition.gd.uid","20","D02F4A2ACDF7A5BC88036FCE498B0CF2C52BDDAA6E6C4F5B03BB0C75CEE3B79B","P2","LOW（未发现直接参考输入；不是来源完整认证）","项目实现／记录；可用Git与本报告范围证据"
"game/scripts/combat/projectile_settlement_inbox.gd","5101","CBAB4DD68E7BFFC618CB27D473C7208D1F0070D5DDCE9D38AA3EA0370012515E","P2","LOW（未发现直接参考输入；不是来源完整认证）","项目实现／记录；可用Git与本报告范围证据"
"game/scripts/combat/projectile_settlement_inbox.gd.uid","20","C27F0A166CC8AD996F059EF1D2FA6AA1EA7EE3C5C4AC9C7ED56269BDE11848CF","P2","LOW（未发现直接参考输入；不是来源完整认证）","项目实现／记录；可用Git与本报告范围证据"
"game/scripts/combat/projectile_settlement_input.gd","2337","0CF9432E3A806494B455EAA029E6329A0AB8B93DB206A06C1D76F1C14AA84C7B","P2","LOW（未发现直接参考输入；不是来源完整认证）","项目实现／记录；可用Git与本报告范围证据"
"game/scripts/combat/projectile_settlement_input.gd.uid","20","663C418C0D0C9F51912268B1F7225FC05B4E99E582ED25575AB0E8D03684DD76","P2","LOW（未发现直接参考输入；不是来源完整认证）","项目实现／记录；可用Git与本报告范围证据"
"game/scripts/combat/projectile_simulation.gd","4524","480F29DD3BAF1BD3DE1EC9FD5C0C1A6906938C713FA4B3C39AAE4F05E1741032","P2","LOW（未发现直接参考输入；不是来源完整认证）","项目实现／记录；可用Git与本报告范围证据"
"game/scripts/combat/projectile_simulation.gd.uid","19","C92B92407942B3D69110BB2EC36EF48EE3F895770931D46C8C4B04889A0AAC25","P2","LOW（未发现直接参考输入；不是来源完整认证）","项目实现／记录；可用Git与本报告范围证据"
"game/scripts/combat/projectile_state.gd","1071","80876C143FA67E8F2374C32F41780BA9CF9014CA7D17B6F39F13DE24D8CC3D7A","P2","LOW（未发现直接参考输入；不是来源完整认证）","项目实现／记录；可用Git与本报告范围证据"
"game/scripts/combat/projectile_state.gd.uid","20","5C8EFEB68B0FF47226B58C1E8979E0F01D237C5D618C9064BE57482414CA057C","P2","LOW（未发现直接参考输入；不是来源完整认证）","项目实现／记录；可用Git与本报告范围证据"
"game/scripts/combat/projectile_unit_motion.gd","9425","D79AC41F0CAED7F7D99C6E9EE08E776BEFD3DAD22D800888F9C27F94C6998A2A","P2","LOW（未发现直接参考输入；不是来源完整认证）","项目实现／记录；可用Git与本报告范围证据"
"game/scripts/combat/projectile_unit_motion.gd.uid","20","F34A00538BDF75592C68FC922E3CB4AB9355087D0DC54B48EC93E2643BCD6E3E","P2","LOW（未发现直接参考输入；不是来源完整认证）","项目实现／记录；可用Git与本报告范围证据"
"game/scripts/combat/prototype_05d_catalog.gd","9715","644A79A7DB46B79EFF420E531D4979FA3D77D1B5FB7A4BB4B3299E3D543F8655","P1","来源链不全；不据此判定MEDIUM／HIGH复制风险","当前规范／临时配置；看规则矩阵与ISS-PROV-02/03/04"
"game/scripts/combat/prototype_05d_catalog.gd.uid","20","2ADFB35BEE4F662179D01F2450BE4AA69880568AD4BFCED9F4CDC73B4E847EFA","P1","来源链不全；不据此判定MEDIUM／HIGH复制风险","当前规范／临时配置；看规则矩阵与ISS-PROV-02/03/04"
"game/scripts/combat/prototype_05f_config.gd","1091","7E037EDCDFC67A674644C29FDC1D4D2C176F9E7A54B1B8F889FBDF31EFD5C950","P1","来源链不全；不据此判定MEDIUM／HIGH复制风险","当前规范／临时配置；看规则矩阵与ISS-PROV-02/03/04"
"game/scripts/combat/prototype_05f_config.gd.uid","20","6E87BA6F8124EDDEBD0BCC1B4CEC37B4D97AE5AE390EB4B758471AA3E98F43D5","P1","来源链不全；不据此判定MEDIUM／HIGH复制风险","当前规范／临时配置；看规则矩阵与ISS-PROV-02/03/04"
"game/scripts/combat/runtime_weapon_instance.gd","6050","AAAD5B8FAE67BBBC4A32F2FC13541816F4FA8219F2FB3CE13BE53B91CDA34285","P2","LOW（未发现直接参考输入；不是来源完整认证）","项目实现／记录；可用Git与本报告范围证据"
"game/scripts/combat/runtime_weapon_instance.gd.uid","20","62C659AE54F8FF5BABFFAB80A1A631D7F609471B3D37AEDF83C13E6C1355D907","P2","LOW（未发现直接参考输入；不是来源完整认证）","项目实现／记录；可用Git与本报告范围证据"
"game/scripts/combat/squad_weapon_channels.gd","11520","4409134A78714499AB734F0411E7AE39BA021C73EF755C139700A131EF7B57CF","P2","LOW（未发现直接参考输入；不是来源完整认证）","项目实现／记录；可用Git与本报告范围证据"
"game/scripts/combat/squad_weapon_channels.gd.uid","20","35015994F8A4E2AC0916E3AC8A7B738B3819DB4E93B67BE1F352204B11B60723","P2","LOW（未发现直接参考输入；不是来源完整认证）","项目实现／记录；可用Git与本报告范围证据"
"game/scripts/combat/weapon_ammo_compatibility.gd","2242","B09606B45588B51BD026F191D705C993BD7D116C98F2D6C9A97429D8B6B416EF","P2","LOW（未发现直接参考输入；不是来源完整认证）","项目实现／记录；可用Git与本报告范围证据"
"game/scripts/combat/weapon_ammo_compatibility.gd.uid","20","998D90F386ABD2290C5072D1430294B10E30124058A4756CB0B539656B6F9B9A","P2","LOW（未发现直接参考输入；不是来源完整认证）","项目实现／记录；可用Git与本报告范围证据"
"game/scripts/combat/weapon_definition.gd","3715","7BA91C4A514888E0600DD4FB211261B1B12BE5B7127422B93F9770D539659681","P2","LOW（未发现直接参考输入；不是来源完整认证）","项目实现／记录；可用Git与本报告范围证据"
"game/scripts/combat/weapon_definition.gd.uid","20","A619211E6FBFFB54BE05A67B9A67ABF05C7EA1C7DD4FF260101D5AE1DC90105C","P2","LOW（未发现直接参考输入；不是来源完整认证）","项目实现／记录；可用Git与本报告范围证据"
"game/scripts/combat/weapon_fire_state.gd","636","DDFA215B2DA4B1497D3D079CECB05115992CE4319A5F536FCE19494FDDA5FD74","P2","LOW（未发现直接参考输入；不是来源完整认证）","项目实现／记录；可用Git与本报告范围证据"
"game/scripts/combat/weapon_fire_state.gd.uid","20","C95AD1A9511731E411A0F089A360B03B037AFFE3D239D146F1581DAF272D5709","P2","LOW（未发现直接参考输入；不是来源完整认证）","项目实现／记录；可用Git与本报告范围证据"
"game/scripts/core/artillery_preview.gd","4219","96B6F79CA970ABC6F6514396F77880242B27AEF2DF8E81A43AAA153CB2DD2083","P2","LOW（未发现直接参考输入；不是来源完整认证）","项目实现／记录；可用Git与本报告范围证据"
"game/scripts/core/artillery_preview.gd.uid","20","592432B058AE72847F640A9DA179A09AE8A511411EF949923574B085B1856538","P2","LOW（未发现直接参考输入；不是来源完整认证）","项目实现／记录；可用Git与本报告范围证据"
"game/scripts/core/bootstrap.gd","2993","6DE830AA584367A6311E2AB831B6FA60C20B6D05257827E28AF261F15DDD99D6","P2","LOW（未发现直接参考输入；不是来源完整认证）","项目实现／记录；可用Git与本报告范围证据"
"game/scripts/core/bootstrap.gd.uid","20","32C519EFE9722393FBBD6D43E507BD5926B697B81EF902566CD498E0BC07AE54","P2","LOW（未发现直接参考输入；不是来源完整认证）","项目实现／记录；可用Git与本报告范围证据"
"game/scripts/core/camera_config.gd","907","60035590BE4909202F7408CD5CA5876C7562C526A8134F3F536EA844A906DB8C","P2","LOW（未发现直接参考输入；不是来源完整认证）","项目实现／记录；可用Git与本报告范围证据"
"game/scripts/core/camera_config.gd.uid","20","3082E98085EEF91C7CB22E35C3DEA086093B1B92E6126164E1E71F79280D92FA","P2","LOW（未发现直接参考输入；不是来源完整认证）","项目实现／记录；可用Git与本报告范围证据"
"game/scripts/core/game_world.gd","33189","6257757AB4FFF3C71A3DEFC32E9EF4F6862A1674981E5A13B587642CC1FCBD5E","P2","LOW（未发现直接参考输入；不是来源完整认证）","项目实现／记录；可用Git与本报告范围证据"
"game/scripts/core/game_world.gd.uid","20","03BF8C6197F46D68FF95B430BEFC5F487211290261509B8CC842D9963EC20FDB","P2","LOW（未发现直接参考输入；不是来源完整认证）","项目实现／记录；可用Git与本报告范围证据"
"game/scripts/core/local_camera.gd","7212","5F8C2989F95BBC6228AF872EC50FAEA28C809E894B45F0E5E604E5EE257E186C","P2","LOW（未发现直接参考输入；不是来源完整认证）","项目实现／记录；可用Git与本报告范围证据"
"game/scripts/core/local_camera.gd.uid","20","9217949D3CB3C6B3B7363CCF6BAEFAADFF0252180F3395754D728F91B533554E","P2","LOW（未发现直接参考输入；不是来源完整认证）","项目实现／记录；可用Git与本报告范围证据"
"game/scripts/core/movement_path_visual.gd","1563","0969AE20CEEA90B3934B4634B282EA447980CD39241DEEDB0D163E1FCC0C9CDA","P2","LOW（未发现直接参考输入；不是来源完整认证）","项目实现／记录；可用Git与本报告范围证据"
"game/scripts/core/movement_path_visual.gd.uid","20","310DF9D037B266A19D99184E8237BF78D387317F2E4152BBC0E59B827BE77419","P2","LOW（未发现直接参考输入；不是来源完整认证）","项目实现／记录；可用Git与本报告范围证据"
"game/scripts/core/presentation_feed.gd","7698","EE5C813BCE11678998E2A5F2D3B955C5617CCC0A16EC01F58E83FE187CF3BD7A","P2","LOW（未发现直接参考输入；不是来源完整认证）","项目实现／记录；可用Git与本报告范围证据"
"game/scripts/core/presentation_feed.gd.uid","19","1B69DB70FC085317DA66EF8CB8446F0E4AF1B915E023C198484BE8952BA149CE","P2","LOW（未发现直接参考输入；不是来源完整认证）","项目实现／记录；可用Git与本报告范围证据"
"game/scripts/core/projectile_projection.gd","2176","BC1E36497AF5E4E97DA72113E3E95F11636934C9D47568CC3749EB87395EF710","P2","LOW（未发现直接参考输入；不是来源完整认证）","项目实现／记录；可用Git与本报告范围证据"
"game/scripts/core/projectile_projection.gd.uid","20","85D9A608C02F55ACA51548E484ACAB1026204ED926A641B530404EE9958361CA","P2","LOW（未发现直接参考输入；不是来源完整认证）","项目实现／记录；可用Git与本报告范围证据"
"game/scripts/core/projectile_snapshot_buffer.gd","4261","512A76C7F532EB63C1FAC90ED849C8D2FA42E5FE24329CAC48245E7FDF196044","P2","LOW（未发现直接参考输入；不是来源完整认证）","项目实现／记录；可用Git与本报告范围证据"
"game/scripts/core/projectile_snapshot_buffer.gd.uid","20","19A300820504F8B0E495F628C1634DF0D56C8F50ABC93CCBC4FE679B8D556F63","P2","LOW（未发现直接参考输入；不是来源完整认证）","项目实现／记录；可用Git与本报告范围证据"
"game/scripts/core/projectile_visuals.gd","5644","D266E88D1E1E55BEAF641310509BB718F12BF2B9C7B0AD6DB698A74878564F80","P2","LOW（未发现直接参考输入；不是来源完整认证）","项目实现／记录；可用Git与本报告范围证据"
"game/scripts/core/projectile_visuals.gd.uid","19","687269BC57B5A274E4C6AAEF04CC6B420B88193EBE848C2BE9D21CB3BFC67E78","P2","LOW（未发现直接参考输入；不是来源完整认证）","项目实现／记录；可用Git与本报告范围证据"
"game/scripts/core/selection_rectangle.gd","366","773913FB1D1BE4A50C70CB6087377834BBD09BCE6B61466C0515591F439573AA","P2","LOW（未发现直接参考输入；不是来源完整认证）","项目实现／记录；可用Git与本报告范围证据"
"game/scripts/core/selection_rectangle.gd.uid","20","C8D95C4903417AFEF208242B51C96E598DBDC3F80713B78099C4E000B98AEF23","P2","LOW（未发现直接参考输入；不是来源完整认证）","项目实现／记录；可用Git与本报告范围证据"
"game/scripts/core/shot_visual.gd","746","553EF1A8C8D2DDF9B808A971F5C169D005B27A3422AF0F4EF610DCC7293C3B4B","P2","LOW（未发现直接参考输入；不是来源完整认证）","项目实现／记录；可用Git与本报告范围证据"
"game/scripts/core/shot_visual.gd.uid","19","36AC76AFE5FF601836B6CE0CD989A59E3BFB3604105CB59097CA1F9C3FF3A613","P2","LOW（未发现直接参考输入；不是来源完整认证）","项目实现／记录；可用Git与本报告范围证据"
"game/scripts/deployment/deployment_config.gd","966","3FB54A957C7FAF46CA74AE66D993507830EA43CC59092A48903645CC488E094F","P2","LOW（未发现直接参考输入；不是来源完整认证）","项目实现／记录；可用Git与本报告范围证据"
"game/scripts/deployment/deployment_config.gd.uid","20","67F3AEA66FC823D5552B3EB2EF24BEE3BDA489FA3CEA5864EDDB3751DDB431EF","P2","LOW（未发现直接参考输入；不是来源完整认证）","项目实现／记录；可用Git与本报告范围证据"
"game/scripts/deployment/deployment_economy.gd","20657","0172B2D06D3234E3A8704C68076E38CCEE93C0053B981E8A916748B32ECFA9C6","P2","LOW（未发现直接参考输入；不是来源完整认证）","项目实现／记录；可用Git与本报告范围证据"
"game/scripts/deployment/deployment_economy.gd.uid","20","8E4A78A7F384EB0AA81D23B9E573314D67ACD4A91FF1EC96A681C34A97200874","P2","LOW（未发现直接参考输入；不是来源完整认证）","项目实现／记录；可用Git与本报告范围证据"
"game/scripts/deployment/deployment_ui.gd","11666","F552539B26575D4BA82933631208EBF967B92BF9985BD56ABE3424C8361BA07D","P2","LOW（未发现直接参考输入；不是来源完整认证）","项目实现／记录；可用Git与本报告范围证据"
"game/scripts/deployment/deployment_ui.gd.uid","20","4707FD92577C92F9BDBC832541E491F045428E141533F088A639AD1A6F9E64E1","P2","LOW（未发现直接参考输入；不是来源完整认证）","项目实现／记录；可用Git与本报告范围证据"
"game/scripts/maps/prototype_map_definition.gd","313","21EE104DE32C6062C2750DE8F3D3DEA7AC9CC8853FEFBC62088A463DF4AC32D3","P2","LOW（未发现直接参考输入；不是来源完整认证）","项目实现／记录；可用Git与本报告范围证据"
"game/scripts/maps/prototype_map_definition.gd.uid","20","BBC1D6A63414DD9A2CDB3A9668FE1F2AB9E4FBA048F707498EFBC7EF6B7EC305","P2","LOW（未发现直接参考输入；不是来源完整认证）","项目实现／记录；可用Git与本报告范围证据"
"game/scripts/maps/test_map_geometry.gd","2376","2CCB25CA42658381D64AA9BB5A0D52DE60BEC9F722F4F239DD7D9C8CEB73FC68","P2","LOW（未发现直接参考输入；不是来源完整认证）","项目实现／记录；可用Git与本报告范围证据"
"game/scripts/maps/test_map_geometry.gd.uid","20","47DAD3E15551884C73F808E1D093D1C63FEA90274C09F566992882B9529C373F","P2","LOW（未发现直接参考输入；不是来源完整认证）","项目实现／记录；可用Git与本报告范围证据"
"game/scripts/movement/movement_config.gd","1150","ED930261599F7AB2BB920DBD64E2E2DED775D63E007A681ECA260966E21D9B3C","P2","LOW（未发现直接参考输入；不是来源完整认证）","项目实现／记录；可用Git与本报告范围证据"
"game/scripts/movement/movement_config.gd.uid","20","22D2935F6750366202D47E0FBA2DDAAE0E2934E80C4EF69C497A8163E0B1B999","P2","LOW（未发现直接参考输入；不是来源完整认证）","项目实现／记录；可用Git与本报告范围证据"
"game/scripts/movement/movement_simulation.gd","21605","BEEB9907A488143A150E09CE879F2A09390029C3A66A63B9DF7D945B566CD9CA","P2","LOW（未发现直接参考输入；不是来源完整认证）","项目实现／记录；可用Git与本报告范围证据"
"game/scripts/movement/movement_simulation.gd.uid","20","23B50F224A51D98AE3F56C1BE376BECB75D1F5953741607AF51B1309B3833749","P2","LOW（未发现直接参考输入；不是来源完整认证）","项目实现／记录；可用Git与本报告范围证据"
"game/scripts/movement/route_cost_grid.gd","1769","8A20B0C569A6600B982FBFAB8EE7B44EEE30B99FEE7FF945AAA2105DDB883E45","P2","LOW（未发现直接参考输入；不是来源完整认证）","项目实现／记录；可用Git与本报告范围证据"
"game/scripts/movement/route_cost_grid.gd.uid","20","DA0FC889DCB2808D895267146DEA0AC41A72C9F4DA3BFE5EBBA3981023AD5819","P2","LOW（未发现直接参考输入；不是来源完整认证）","项目实现／记录；可用Git与本报告范围证据"
"game/scripts/movement/static_navigation_grid.gd","19103","FD849357EE6E54AA1B3A0F871A0F6DA832628E0AFA629F982161890222B7F3BC","P2","LOW（未发现直接参考输入；不是来源完整认证）","项目实现／记录；可用Git与本报告范围证据"
"game/scripts/movement/static_navigation_grid.gd.uid","19","DF8570AD8C343E736196E9C7B4EF4420D6079BF4579CB3AC501380D3DFFA0DC7","P2","LOW（未发现直接参考输入；不是来源完整认证）","项目实现／记录；可用Git与本报告范围证据"
"game/scripts/movement/terrain_surface.gd","2044","F142FA9CC7684D2D6B275E254E63886389315ABB7251CDE1B2D832028DDA3653","P2","LOW（未发现直接参考输入；不是来源完整认证）","项目实现／记录；可用Git与本报告范围证据"
"game/scripts/movement/terrain_surface.gd.uid","20","184089230F990BF49028AD7AA6BC5F12ED2022BE9B590687D497C77BD6FD807E","P2","LOW（未发现直接参考输入；不是来源完整认证）","项目实现／记录；可用Git与本报告范围证据"
"game/scripts/networking/network_manager.gd","48549","57088B8C72B4E6F0EA2413064C168DA6FD26A6DA351674968AB777907999EF73","P2","LOW（未发现直接参考输入；不是来源完整认证）","项目实现／记录；可用Git与本报告范围证据"
"game/scripts/networking/network_manager.gd.uid","20","2AE1F1A806833D15FDD70855711650A521C57C5442478A58DAE37BB19B887A2A","P2","LOW（未发现直接参考输入；不是来源完整认证）","项目实现／记录；可用Git与本报告范围证据"
"game/scripts/replay/replay_clock.gd","1779","1F1479240A272837655C98AEAA7D81D9372C8FF81EE13915DFA338F954EE59C6","P2","LOW（未发现直接参考输入；不是来源完整认证）","项目实现／记录；可用Git与本报告范围证据"
"game/scripts/replay/replay_clock.gd.uid","20","561E873A5FFD63A75205696A37810A2E95FD76F91801F5F42A685675E2D58DB4","P2","LOW（未发现直接参考输入；不是来源完整认证）","项目实现／记录；可用Git与本报告范围证据"
"game/scripts/replay/replay_content.gd","1427","780906A1367BF7EC0A35A0529D0E5E739B7411E9ACF524221F86D25B95D9F519","P2","LOW（未发现直接参考输入；不是来源完整认证）","项目实现／记录；可用Git与本报告范围证据"
"game/scripts/replay/replay_content.gd.uid","19","58330E2C0354B786CB35FD0C2D88C8793ED94DCF7D3806FC238580E542D70419","P2","LOW（未发现直接参考输入；不是来源完整认证）","项目实现／记录；可用Git与本报告范围证据"
"game/scripts/replay/replay_format.gd","19481","96FF5515EEB168526AB6BCFA18233F7441E0364CC47E5B18D90D6E54FC539BAB","P2","LOW（未发现直接参考输入；不是来源完整认证）","项目实现／记录；可用Git与本报告范围证据"
"game/scripts/replay/replay_format.gd.uid","20","4F17F006423AA180A63D4500E342762A76A8B2DBB6B697C294E4D6863A379DF8","P2","LOW（未发现直接参考输入；不是来源完整认证）","项目实现／记录；可用Git与本报告范围证据"
"game/scripts/replay/replay_presentation.gd","3319","F00EFD15DCADCB40532367B9186AD11E6DE3317D31A5C3D6F0B777996C1172AD","P2","LOW（未发现直接参考输入；不是来源完整认证）","项目实现／记录；可用Git与本报告范围证据"
"game/scripts/replay/replay_presentation.gd.uid","20","D2BA880C3E446B3BFEA7293FC2120467B285D4EB483A56004087B2EE380DE5CD","P2","LOW（未发现直接参考输入；不是来源完整认证）","项目实现／记录；可用Git与本报告范围证据"
"game/scripts/replay/replay_recorder.gd","8693","954077F11436C2C508C334B47BF8AAB540944E169A485BC0F54A10E8EE6F5B17","P2","LOW（未发现直接参考输入；不是来源完整认证）","项目实现／记录；可用Git与本报告范围证据"
"game/scripts/replay/replay_recorder.gd.uid","20","69F18EE895F692BDF0230754DD67E066414E99533F5928B8FD4649E42AEBB0D6","P2","LOW（未发现直接参考输入；不是来源完整认证）","项目实现／记录；可用Git与本报告范围证据"
"game/scripts/replay/replay_session.gd","4757","D1E779FC960003FB063A8DF61A4B8D21ACD7CAAB16C790D0C9B4A144F45DA582","P2","LOW（未发现直接参考输入；不是来源完整认证）","项目实现／记录；可用Git与本报告范围证据"
"game/scripts/replay/replay_session.gd.uid","20","B3707E48741CB069D758290144D5285F59323D6653BF3B6D0B5D0A430484369F","P2","LOW（未发现直接参考输入；不是来源完整认证）","项目实现／记录；可用Git与本报告范围证据"
"game/scripts/replay/simulation_timeline.gd","1103","232B142FD106770A533D7E93AAC0705AF4E18E92A63C86DCB6CF47AFDEF677BF","P2","LOW（未发现直接参考输入；不是来源完整认证）","项目实现／记录；可用Git与本报告范围证据"
"game/scripts/replay/simulation_timeline.gd.uid","20","2DECA05A7F940271D30E70A3799B96D68BD09A7B2F75F4B772068E3BAB5B6891","P2","LOW（未发现直接参考输入；不是来源完整认证）","项目实现／记录；可用Git与本报告范围证据"
"game/scripts/ui/acceptance_06c_controls.gd","1093","555EF9B27EA6CF1B3C7DF8503AD98C24E75B60C3105C0D514BC83B751E021B41","P2","LOW（本轮独立合成测试链）","空EditorSession→项目测试字段→保存重载；外部编辑器代码不作完整认证"
"game/scripts/ui/acceptance_06c_controls.gd.uid","19","042B353E3A883A4C5C3C913B8A2C11BFBA8264E1EBA2AC98812FE767E0001751","P2","LOW（本轮独立合成测试链）","空EditorSession→项目测试字段→保存重载；外部编辑器代码不作完整认证"
"game/scripts/ui/unit_marker.gd","4083","1E4B794BE2086BA67488DD3E97466649DCE5FC83358603F02643AF8FFC4F8EE6","P2","LOW（未发现直接参考输入；不是来源完整认证）","项目实现／记录；可用Git与本报告范围证据"
"game/scripts/ui/unit_marker.gd.uid","20","20C1870EAB2C7383BE4047B6C0CEBA3BA96703F24CECF0F6FBF69FF2BD2DCAC3","P2","LOW（未发现直接参考输入；不是来源完整认证）","项目实现／记录；可用Git与本报告范围证据"
"game/scripts/ui/unit_marker_style.gd","1393","FC0338F4BFB267E0C14C9377317A7DD7E3AF1FBA9C04FEAA67146C88920A6329","P2","LOW（未发现直接参考输入；不是来源完整认证）","项目实现／记录；可用Git与本报告范围证据"
"game/scripts/ui/unit_marker_style.gd.uid","20","0E16610761A82F49823687F8D895D6B219527698595D5A60E67475AC846C1554","P2","LOW（未发现直接参考输入；不是来源完整认证）","项目实现／记录；可用Git与本报告范围证据"
"game/scripts/units/editor_acceptance_armor.gd","291","56169D5AA830E5020C512E0875750912A3DD74106900A410D3CF587E364ED1C8","P2","LOW（本轮独立合成测试链）","空EditorSession→项目测试字段→保存重载；外部编辑器代码不作完整认证"
"game/scripts/units/editor_acceptance_armor.gd.uid","20","A1E2F13382F165AE30244A72333747B246F6B4C42B6ECAEFB17A4414E5D0E0D5","P2","LOW（本轮独立合成测试链）","空EditorSession→项目测试字段→保存重载；外部编辑器代码不作完整认证"
"game/scripts/units/editor_acceptance_catalog.gd","7159","B4594D1D5792E535FA91C67FFB2F56303359115799133530502AEB33B188C7A0","P2","LOW（本轮独立合成测试链）","空EditorSession→项目测试字段→保存重载；外部编辑器代码不作完整认证"
"game/scripts/units/editor_acceptance_catalog.gd.uid","19","34331504DA1E66E63E5DEB9508BDD0129338BD14AC91940257AF6A0C67735EDC","P2","LOW（本轮独立合成测试链）","空EditorSession→项目测试字段→保存重载；外部编辑器代码不作完整认证"
"game/scripts/units/editor_acceptance_infantry.gd","294","43FC93D866395AA5F68294AF288DB7D441522F3D93A90C7EDAE4A78466FE1FDC","P2","LOW（本轮独立合成测试链）","空EditorSession→项目测试字段→保存重载；外部编辑器代码不作完整认证"
"game/scripts/units/editor_acceptance_infantry.gd.uid","19","4F15374348ED184929BDFDE56AC634872790876EB067BC0C5D480B74B5F4ED4E","P2","LOW（本轮独立合成测试链）","空EditorSession→项目测试字段→保存重载；外部编辑器代码不作完整认证"
"game/scripts/units/editor_acceptance_normal.gd","293","3D4BA05AF31AA8A235ADA20C8DB1FE94B87A311523FD9C30A2801460409FEAF4","P2","LOW（本轮独立合成测试链）","空EditorSession→项目测试字段→保存重载；外部编辑器代码不作完整认证"
"game/scripts/units/editor_acceptance_normal.gd.uid","20","6455446DDD884A398F26976B7731DBDD279D07E02A0244034B4A868221472D14","P2","LOW（本轮独立合成测试链）","空EditorSession→项目测试字段→保存重载；外部编辑器代码不作完整认证"
"game/scripts/units/editor_acceptance_top.gd","290","19B77E3E1DBC87217E1902DD097FFA1CE60D7FAEF1C0CF6ED2FDE36174212C0A","P2","LOW（本轮独立合成测试链）","空EditorSession→项目测试字段→保存重载；外部编辑器代码不作完整认证"
"game/scripts/units/editor_acceptance_top.gd.uid","20","7A2B3D0B2D32AFEACBFBBB5A274B0AEA0CF3FE3DC10A049CB85596AB53F98D41","P2","LOW（本轮独立合成测试链）","空EditorSession→项目测试字段→保存重载；外部编辑器代码不作完整认证"
"game/scripts/units/generated_test_mortar_definition.gd","339","876682208E52B8247B06B2381946961A1C18DC0CDE08C45D0235FA090EFD7F24","P0","未发现足够复制证据；正式DATA采用legacy baseline","工作簿及正式导出，ISS-PROV-01"
"game/scripts/units/generated_test_mortar_definition.gd.uid","20","13EFE67D245782A92FE43D9355FA776E493C9364C0E0DDA1B5292B008D63EA04","P0","未发现足够复制证据；正式DATA采用legacy baseline","工作簿及正式导出，ISS-PROV-01"
"game/scripts/units/generated_test_unit_definition.gd","498","BC3EE6B982D3D1943A17D59CD25B869B331D73D7324FB4ADF1B2C1F52C49DAB4","P0","未发现足够复制证据；正式DATA采用legacy baseline","工作簿及正式导出，ISS-PROV-01"
"game/scripts/units/generated_test_unit_definition.gd.uid","20","D2636AF912212C25E1317C1A2B0FFEAF11AAEEA67DBE690C26ABEB655FB7095F","P0","未发现足够复制证据；正式DATA采用legacy baseline","工作簿及正式导出，ISS-PROV-01"
"game/scripts/units/soldier_state.gd","1262","2544EBFADADD49F4E61DFB0DD5D9D99F546E3D90EE9E5448788895EBCDB5E71C","P2","LOW（未发现直接参考输入；不是来源完整认证）","项目实现／记录；可用Git与本报告范围证据"
"game/scripts/units/soldier_state.gd.uid","19","27F8E9A6557C17DCB0B5D2D2F12DF06FEEDED4E5D12F5E445AAE1BB701E09F77","P2","LOW（未发现直接参考输入；不是来源完整认证）","项目实现／记录；可用Git与本报告范围证据"
"game/scripts/units/squad_formation.gd","486","9E19EE897B708142C28991C1726D2A338C9D2A762D12EC7C4E59DEE6B468E8B9","P2","LOW（未发现直接参考输入；不是来源完整认证）","项目实现／记录；可用Git与本报告范围证据"
"game/scripts/units/squad_formation.gd.uid","19","66D550940EAB1E45CDBC6B4563701635565C01505907CEB3800B0870C567147A","P2","LOW（未发现直接参考输入；不是来源完整认证）","项目实现／记录；可用Git与本报告范围证据"
"game/scripts/units/unit.gd","2863","9F28F78B0A3FCADBF20BA8217890FBBD6BCFD3F6E7D4E7387D532F05F21417CD","P2","LOW（未发现直接参考输入；不是来源完整认证）","项目实现／记录；可用Git与本报告范围证据"
"game/scripts/units/unit.gd.uid","20","FC9BF0A3DE897D482FAD2133942E9B1DDEEF742C64D5376F83B2D55502FCAD3A","P2","LOW（未发现直接参考输入；不是来源完整认证）","项目实现／记录；可用Git与本报告范围证据"
"game/scripts/units/unit_definition.gd","8099","5513ED5CF249E03C3B1054C11EF917B91A84599A32E844F66C69C7B7F8BFB115","P2","LOW（未发现直接参考输入；不是来源完整认证）","项目实现／记录；可用Git与本报告范围证据"
"game/scripts/units/unit_definition.gd.uid","20","F1BD87154BA3B95E8E7B991971E4649039896519863B40A31E0380452BC81F62","P2","LOW（未发现直接参考输入；不是来源完整认证）","项目实现／记录；可用Git与本报告范围证据"
"game/scripts/units/unit_definition_validator.gd","12175","F3DFCC8894E7EA38DE0DF0A7EE4DD5B8F960B5379F0D29B167EACD575BF9B310","P2","LOW（未发现直接参考输入；不是来源完整认证）","项目实现／记录；可用Git与本报告范围证据"
"game/scripts/units/unit_definition_validator.gd.uid","20","50F030C0A580D7A96060DC33A807AFC65817AC56AAB88014EBB706606A15B7AB","P2","LOW（未发现直接参考输入；不是来源完整认证）","项目实现／记录；可用Git与本报告范围证据"
"game/scripts/units/unit_state.gd","14030","2D90026B4C86F7F14AC3D6143484C1270D6EB94835C95BF8DAACD5284445C454","P2","LOW（未发现直接参考输入；不是来源完整认证）","项目实现／记录；可用Git与本报告范围证据"
"game/scripts/units/unit_state.gd.uid","20","6F86AA0C3722C3DD1332C5732FEC53EF4FF763D36D2E1C0658393645078DD76D","P2","LOW（未发现直接参考输入；不是来源完整认证）","项目实现／记录；可用Git与本报告范围证据"
"game/scripts/units/weapon_allocation.gd","686","A5D8E3D3037ADE1EDDC9388328F436FC0531CDDC0F41DCE31A6C80C4BBFFF8E4","P2","LOW（未发现直接参考输入；不是来源完整认证）","项目实现／记录；可用Git与本报告范围证据"
"game/scripts/units/weapon_allocation.gd.uid","19","5120FEE3F1B5ED3D6C16E7BDB15A8C57606804383453B26C6D61FDB2675E59F6","P2","LOW（未发现直接参考输入；不是来源完整认证）","项目实现／记录；可用Git与本报告范围证据"
"game/scripts/units/weapon_mount_definition.gd","317","AC625CFAFA6EA5D30AD7DC79FAFE82D0A8ECDCC82A4FC8FB2409524A4CD022EE","P2","LOW（未发现直接参考输入；不是来源完整认证）","项目实现／记录；可用Git与本报告范围证据"
"game/scripts/units/weapon_mount_definition.gd.uid","19","9E8F09A979070313DE8C31DAFE26D8E03D52072A165A140B3A77175A97B036C8","P2","LOW（未发现直接参考输入；不是来源完整认证）","项目实现／记录；可用Git与本报告范围证据"
"game/scripts/units/weapon_mount_state.gd","863","B86D271A7CEF248399B8088F159D3AC94AF23483FD33B2B3AC0943E1A7EA0351","P2","LOW（未发现直接参考输入；不是来源完整认证）","项目实现／记录；可用Git与本报告范围证据"
"game/scripts/units/weapon_mount_state.gd.uid","19","782293A50EF8D7B76EB9AF19361241E46633F19E0AF314C4D1D8CA01DB24E69F","P2","LOW（未发现直接参考输入；不是来源完整认证）","项目实现／记录；可用Git与本报告范围证据"
"game/scripts/units/weapon_slot_definition.gd","246","B2B3AED50134B04DC7486553A304715ABAD571F54CE49FCB18DE97843DAB21FA","P2","LOW（未发现直接参考输入；不是来源完整认证）","项目实现／记录；可用Git与本报告范围证据"
"game/scripts/units/weapon_slot_definition.gd.uid","20","9166BFB4DE48E277CC981B9395386F025C8FD84CBD997CEC343084B7A8E0F0A7","P2","LOW（未发现直接参考输入；不是来源完整认证）","项目实现／记录；可用Git与本报告范围证据"
"game/scripts/units/weapon_slot_state.gd","288","6615E3845238EF104E3A019B35FCF179D4D41DA3195D1A7B9A143CB5D1983FD4","P2","LOW（未发现直接参考输入；不是来源完整认证）","项目实现／记录；可用Git与本报告范围证据"
"game/scripts/units/weapon_slot_state.gd.uid","19","C821F376FEDFA9747754C96292E3303279692DFB5B7F69BE951215051F5BDE94","P2","LOW（未发现直接参考输入；不是来源完整认证）","项目实现／记录；可用Git与本报告范围证据"
"game/tests/acceptance_06c_setup_test.gd","4562","FFE061D3B8F916C4747D75ED9D4FFA5A77F6D058B387DC04884C1D91BBBB15A3","P2","LOW（本轮独立合成测试链）","空EditorSession→项目测试字段→保存重载；外部编辑器代码不作完整认证"
"game/tests/acceptance_06c_setup_test.gd.uid","20","85761203CD4D8B85C5E48ABCCC33D30CD4EDE00AB38B6ADDADE5C22BFD39C184","P2","LOW（本轮独立合成测试链）","空EditorSession→项目测试字段→保存重载；外部编辑器代码不作完整认证"
"game/tests/active_camera_test.gd","4707","ABFC0ECE08D5019D673881282EC830734BBD9BDC59FB471F1AA4295FAC59651E","P2","LOW（未发现直接参考输入；不是来源完整认证）","项目实现／记录；可用Git与本报告范围证据"
"game/tests/active_camera_test.gd.uid","20","F6B3C8F131130B26D6BACDC0C1590C45603090C9FFA0D13114EE680ED571FAA3","P2","LOW（未发现直接参考输入；不是来源完整认证）","项目实现／记录；可用Git与本报告范围证据"
"game/tests/client_acceptance_fixes_test.gd","13867","66CE7E763F9C549BA357748C3DB568AEA1B83909B3928534E6C174E59FBD4BB6","P2","LOW（未发现直接参考输入；不是来源完整认证）","项目实现／记录；可用Git与本报告范围证据"
"game/tests/client_acceptance_fixes_test.gd.uid","20","1D5DF8EE7B3F428DB6186EF4896E2ADD1DE1C3EFC72167B87C2794C1322FF4F5","P2","LOW（未发现直接参考输入；不是来源完整认证）","项目实现／记录；可用Git与本报告范围证据"
"game/tests/command_input_test.gd","5111","19F75E4CF27708205EBC1C2C9A1E818553F6A9E792696BC6893E5C54D8D769E8","P2","LOW（未发现直接参考输入；不是来源完整认证）","项目实现／记录；可用Git与本报告范围证据"
"game/tests/command_input_test.gd.uid","20","D62BD9EAE3DFCB2A74CD099FE3CD8F2703E3C61F27CD329FBC1310A8984ECC03","P2","LOW（未发现直接参考输入；不是来源完整认证）","项目实现／记录；可用Git与本报告范围证据"
"game/tests/confirmed_game_data_test.gd","2905","F3F9F8B27D7D83DEA40152339BE6FAB3F8583278C397D2042BFCC57DA3A00763","P2","LOW（未发现直接参考输入；不是来源完整认证）","项目实现／记录；可用Git与本报告范围证据"
"game/tests/confirmed_game_data_test.gd.uid","20","70F30DDAD278EFE57274FADCEBAA58896E4A6E1365849A2A9FE550D24204136A","P2","LOW（未发现直接参考输入；不是来源完整认证）","项目实现／记录；可用Git与本报告范围证据"
"game/tests/db29_combat_timeline_test.gd","14476","3BE6C3A4A6A73C4BED8232BF89B4EB21FB63640EE621E09F0B6ABBA5B34AE7F6","P2","LOW（未发现直接参考输入；不是来源完整认证）","项目实现／记录；可用Git与本报告范围证据"
"game/tests/db29_combat_timeline_test.gd.uid","20","CAB8765396013500BED03863A9B7A16E420A57DD192033A553BEB590BE70302E","P2","LOW（未发现直接参考输入；不是来源完整认证）","项目实现／记录；可用Git与本报告范围证据"
"game/tests/db29_projectile_test.gd","7863","9F2495C84E6B53268CA339FC8B486C52A4D1F3C2FB413C5EA78163FA35293D30","P2","LOW（未发现直接参考输入；不是来源完整认证）","项目实现／记录；可用Git与本报告范围证据"
"game/tests/db29_projectile_test.gd.uid","20","6A40DAD867D2F6BC068C994E3B9EA253722E8D827EA4BB1F729BD88E0C195F4F","P2","LOW（未发现直接参考输入；不是来源完整认证）","项目实现／记录；可用Git与本报告范围证据"
"game/tests/db33_active_projectiles_test.gd","16065","94B47FDF7EE16F668D39682D939448FC321CAB326440E2BF7D00E8D1E13C8386","P2","LOW（未发现直接参考输入；不是来源完整认证）","项目实现／记录；可用Git与本报告范围证据"
"game/tests/db33_active_projectiles_test.gd.uid","20","356F1820CD07392198285C8A675560733FD5F616F0E6918B5FBB5E838034878B","P2","LOW（未发现直接参考输入；不是来源完整认证）","项目实现／记录；可用Git与本报告范围证据"
"game/tests/db33_current_performance_test.gd","5482","5985A693B86EFD40AB089A7DCBA88F1EAD304556519273D7084FF09D7E2AF143","P2","LOW（未发现直接参考输入；不是来源完整认证）","项目实现／记录；可用Git与本报告范围证据"
"game/tests/db33_current_performance_test.gd.uid","20","B1F69C56642E23C6DEE38C1471FAFE57BE247D10C20B2ED87F82AC51498DB400","P2","LOW（未发现直接参考输入；不是来源完整认证）","项目实现／记录；可用Git与本报告范围证据"
"game/tests/db33_operator_events_test.gd","4069","B1513B9FDFB1F7BB457ED2369F19A1EC68D95821679A32390F4183B4363A66E7","P2","LOW（未发现直接参考输入；不是来源完整认证）","项目实现／记录；可用Git与本报告范围证据"
"game/tests/db33_operator_events_test.gd.uid","20","81FFCC72DDE8A9AA7DCFD4FBF76E4148E17BD2918AE2A2CCD778FE6D38BF4BC6","P2","LOW（未发现直接参考输入；不是来源完整认证）","项目实现／记录；可用Git与本报告范围证据"
"game/tests/db33_projectile_c_design_test.gd","4163","9C2D9ED34492825DBD1AA1E0D6370A9D9653E09B0F5B3A12961AA426A78B33E7","P2","LOW（未发现直接参考输入；不是来源完整认证）","项目实现／记录；可用Git与本报告范围证据"
"game/tests/db33_projectile_c_design_test.gd.uid","20","ABDDF802B28A7ADA514CAD528DCE4DA31719EE0E879A62E0C4A9E2916DBBB819","P2","LOW（未发现直接参考输入；不是来源完整认证）","项目实现／记录；可用Git与本报告范围证据"
"game/tests/design_review_test.gd","8395","9281C4762C1035CA4CC34ADF959F216AA385C418045F145E7475AA1961BB2B14","P2","LOW（未发现直接参考输入；不是来源完整认证）","项目实现／记录；可用Git与本报告范围证据"
"game/tests/design_review_test.gd.uid","20","7FF6B21635B8C08D1C65A44F7A2764AE2D5D413244CF791FF84DC69A21216CE1","P2","LOW（未发现直接参考输入；不是来源完整认证）","项目实现／记录；可用Git与本报告范围证据"
"game/tests/fire_benchmark.gd","2382","58A96D850BBCE90D9AB866CA1ABFCA45E839279DC98D4E6DC12FE05EAC64EA13","P2","LOW（未发现直接参考输入；不是来源完整认证）","项目实现／记录；可用Git与本报告范围证据"
"game/tests/fire_benchmark.gd.uid","19","201542487CEF21A12F5A457B9802502B060DFFA8C9ED9BD6C60EDB7017700897","P2","LOW（未发现直接参考输入；不是来源完整认证）","项目实现／记录；可用Git与本报告范围证据"
"game/tests/gravity_ballistics_test.gd","6703","672331AA2110B1C2512D7C881D691FCD86596E54BAA8F5C34A8309A0BA74DDFE","P2","LOW（未发现直接参考输入；不是来源完整认证）","项目实现／记录；可用Git与本报告范围证据"
"game/tests/gravity_ballistics_test.gd.uid","20","20287FC7AF2DF0F75A4E6E600974D04142E2B07F32F1E1C2D6B703C492FC989C","P2","LOW（未发现直接参考输入；不是来源完整认证）","项目实现／记录；可用Git与本报告范围证据"
"game/tests/m252_flight_measurement_test.gd","5157","4D1FC03713C2465BD3FF9F40B1E18C7D30AC68D610F48AD0034C620A1543BEFA","P2","LOW（未发现直接参考输入；不是来源完整认证）","项目实现／记录；可用Git与本报告范围证据"
"game/tests/m252_flight_measurement_test.gd.uid","20","4AAEEC2BDC4E2D6177D0ADD0A14CABEF25485154217C5C2B83B0D0C076B46944","P2","LOW（未发现直接参考输入；不是来源完整认证）","项目实现／记录；可用Git与本报告范围证据"
"game/tests/movement_benchmark.gd","5230","CB09B59DEF7E94148CA50B8F5C9D6AFA16A95FD2053CDC0AB23C202FD9976CC2","P2","LOW（未发现直接参考输入；不是来源完整认证）","项目实现／记录；可用Git与本报告范围证据"
"game/tests/movement_benchmark.gd.uid","20","D54F01BCAFAEF4AF3E8ADA9DD8332FBC92777E97A3B2CD42A8584DDB45373920","P2","LOW（未发现直接参考输入；不是来源完整认证）","项目实现／记录；可用Git与本报告范围证据"
"game/tests/movement_performance_test.gd","9949","55381CDA7B8AC6BA3D37494AB1E188B804AA6C1E285CB085E0BD85AE50C7AA14","P2","LOW（未发现直接参考输入；不是来源完整认证）","项目实现／记录；可用Git与本报告范围证据"
"game/tests/movement_performance_test.gd.uid","20","9AD641B3CF83C12ED8AF21537EB3E5E6BC18992F0231CB8FF0CE088DB114ACD5","P2","LOW（未发现直接参考输入；不是来源完整认证）","项目实现／记录；可用Git与本报告范围证据"
"game/tests/movement_sampling_test.gd","11514","2F19434D9AE0F89AAF99D9731C7CC0F7D1796C3944FBDE48CD02A2DEB632FB6A","P2","LOW（未发现直接参考输入；不是来源完整认证）","项目实现／记录；可用Git与本报告范围证据"
"game/tests/movement_sampling_test.gd.uid","19","4528420C999744C5F5F02ADC587F961D7C8632D205E26042D1494FA4E4284D73","P2","LOW（未发现直接参考输入；不是来源完整认证）","项目实现／记录；可用Git与本报告范围证据"
"game/tests/p0_schema_guards_test.gd","13238","AE915C869069BB427329D1AC7FA90545FB4B2F64FE63CACA596CA5638952DF90","P2","LOW（未发现直接参考输入；不是来源完整认证）","项目实现／记录；可用Git与本报告范围证据"
"game/tests/p0_schema_guards_test.gd.uid","20","C984FD2F4AF5A3759820C09E6E5A1BBE2870C64464F429787AE206DE0AE0158B","P2","LOW（未发现直接参考输入；不是来源完整认证）","项目实现／记录；可用Git与本报告范围证据"
"game/tests/p1_schema_contracts_test.gd","16645","47C47B3D2EF2598C4F7F9B4881B9C29CAFA06CEED53EB34D88722997E372E6AE","P2","LOW（未发现直接参考输入；不是来源完整认证）","项目实现／记录；可用Git与本报告范围证据"
"game/tests/p1_schema_contracts_test.gd.uid","19","F44E2EF62D7B9B85F47D7D4FB8BD9BDDC88FE6BC57F0C1C8E09F8A75A6F69C8A","P2","LOW（未发现直接参考输入；不是来源完整认证）","项目实现／记录；可用Git与本报告范围证据"
"game/tests/projectile_benchmark.gd","4369","389871A56F6B07B62BAE8A8E6B2BBA8ADBCBC38425A763B81C07846E90CE6854","P2","LOW（未发现直接参考输入；不是来源完整认证）","项目实现／记录；可用Git与本报告范围证据"
"game/tests/projectile_benchmark.gd.uid","20","FF1BB9484BD5FBED8A43704C873C714917C8FE932DE247C21D5302DA86AD8F85","P2","LOW（未发现直接参考输入；不是来源完整认证）","项目实现／记录；可用Git与本报告范围证据"
"game/tests/projectile_history_clipping_test.gd","8427","272C279B0E290DEE453A51FCB132EBC0C274AD1C26F4EFC37C2E967370976D0E","P2","LOW（未发现直接参考输入；不是来源完整认证）","项目实现／记录；可用Git与本报告范围证据"
"game/tests/projectile_history_clipping_test.gd.uid","20","6561B14AD828BD614EBA5C733996E5B4CF7C2168C066C9A74CFFC27DE6D77275","P2","LOW（未发现直接参考输入；不是来源完整认证）","项目实现／记录；可用Git与本报告范围证据"
"game/tests/projectile_projection_test.gd","9063","9A793CFA0DD0A7A4D549FA6C80043D111C3AA969075510F272980A5B0E3428BE","P2","LOW（未发现直接参考输入；不是来源完整认证）","项目实现／记录；可用Git与本报告范围证据"
"game/tests/projectile_projection_test.gd.uid","20","36B4FCA7AF0B4597065A547912762A5744E881D7B418FDBBCFD848009DFEA4C5","P2","LOW（未发现直接参考输入；不是来源完整认证）","项目实现／记录；可用Git与本报告范围证据"
"game/tests/projectile_render_separation_test.gd","7006","EB07678881BBF95FCB55ACE0E11F01DC4F4DF467926DF1EC8ACE9F366F20A534","P2","LOW（未发现直接参考输入；不是来源完整认证）","项目实现／记录；可用Git与本报告范围证据"
"game/tests/projectile_render_separation_test.gd.uid","20","BBCE579D13FECD047D7D0443E6C3F409B6E958203A16652D921F0499D8F14DE9","P2","LOW（未发现直接参考输入；不是来源完整认证）","项目实现／记录；可用Git与本报告范围证据"
"game/tests/projectile_unit_motion_test.gd","8112","C943C837B9721ACADF2CCC1C971C0E215F18A4BEB469DB3B5F12F321B85F5F45","P2","LOW（未发现直接参考输入；不是来源完整认证）","项目实现／记录；可用Git与本报告范围证据"
"game/tests/projectile_unit_motion_test.gd.uid","20","D7EA377F4A047704007F4918FC8E232CB8F7873C204313504E0988DE32BC666F","P2","LOW（未发现直接参考输入；不是来源完整认证）","项目实现／记录；可用Git与本报告范围证据"
"game/tests/prototype_03a_test.gd","13635","AF9C339187C03A9B1F2D06C68FF3A26A544CAFDCE7273863D2A64E00D9D2C5ED","P2","LOW（未发现直接参考输入；不是来源完整认证）","项目实现／记录；可用Git与本报告范围证据"
"game/tests/prototype_03a_test.gd.uid","20","532D53F68DDBCD45A178FFDFA6665FB9CD8459325F1A26120A94496CF106E6C5","P2","LOW（未发现直接参考输入；不是来源完整认证）","项目实现／记录；可用Git与本报告范围证据"
"game/tests/prototype_03b_enet.gd","4751","9D8D7666C59F9821241C682AB89042AA58CF68D61C499F64E08C771B1442E408","P2","LOW（未发现直接参考输入；不是来源完整认证）","项目实现／记录；可用Git与本报告范围证据"
"game/tests/prototype_03b_enet.gd.uid","20","B14968C02993CBD40781705B5AB2F3B11CF0304196BFC23C5EF92B565873B324","P2","LOW（未发现直接参考输入；不是来源完整认证）","项目实现／记录；可用Git与本报告范围证据"
"game/tests/prototype_03b_test.gd","5832","5E792A7F5E00FA9368012A48A95B135FFC9BE3DF11121B686AA44AEEC0FDBD70","P2","LOW（未发现直接参考输入；不是来源完整认证）","项目实现／记录；可用Git与本报告范围证据"
"game/tests/prototype_03b_test.gd.uid","19","1B94B36B2B06AE6CDEB0350CB654F174B2213F62E8F42B949B289E553943A6D1","P2","LOW（未发现直接参考输入；不是来源完整认证）","项目实现／记录；可用Git与本报告范围证据"
"game/tests/prototype_03b_verify.gd","2130","F390E51F08D05D59D3E700EC378F7F3CB4D2F56898F3B63325EAA99CF50A37AB","P2","LOW（未发现直接参考输入；不是来源完整认证）","项目实现／记录；可用Git与本报告范围证据"
"game/tests/prototype_03b_verify.gd.uid","20","B1972134CED9D9D0F90161627B398ADD27B55CA7E0B28AA1702FE75E21233159","P2","LOW（未发现直接参考输入；不是来源完整认证）","项目实现／记录；可用Git与本报告范围证据"
"game/tests/prototype_03c_playback.gd","3288","07369267CE3091BD45136A94D27A7C39DEAFC04B1F13D9E5E400BE4796A624DE","P2","LOW（未发现直接参考输入；不是来源完整认证）","项目实现／记录；可用Git与本报告范围证据"
"game/tests/prototype_03c_playback.gd.uid","19","AE20425886C77684C3BAA9D9D6EE2BCC0F2C99C4239D237E3DAEBC70481105BA","P2","LOW（未发现直接参考输入；不是来源完整认证）","项目实现／记录；可用Git与本报告范围证据"
"game/tests/prototype_03c_test.gd","6957","E752E41E4B311C2A19E3D591A2BB2027962EDD184F2B87040890B6F89AF786C0","P2","LOW（未发现直接参考输入；不是来源完整认证）","项目实现／记录；可用Git与本报告范围证据"
"game/tests/prototype_03c_test.gd.uid","20","D5A2C29CF2A29CFE3E139CC3381A4CAD309ADCD87F16955C8CCD6C1236C3A6CC","P2","LOW（未发现直接参考输入；不是来源完整认证）","项目实现／记录；可用Git与本报告范围证据"
"game/tests/prototype_06a_test.gd","15676","667D645336A2338475837857D50322C4818AB1D32700A83C56D5B7ECB5D35A80","P2","LOW（未发现直接参考输入；不是来源完整认证）","项目实现／记录；可用Git与本报告范围证据"
"game/tests/prototype_06a_test.gd.uid","20","EE10ACAA6044C41A85B157A2367E416E01399FCD6F6AA68426734F1E3DF71472","P2","LOW（未发现直接参考输入；不是来源完整认证）","项目实现／记录；可用Git与本报告范围证据"
"game/tests/prototype_06b_test.gd","12746","665AE033821F4B27FFE37C63F3A8523C0847B2EFEEB035F213194C9470D6E890","P2","LOW（未发现直接参考输入；不是来源完整认证）","项目实现／记录；可用Git与本报告范围证据"
"game/tests/prototype_06b_test.gd.uid","19","6577C4C04292B4FAB898190A843122F1B0A771A0635FC6C357146A62A3F35A68","P2","LOW（未发现直接参考输入；不是来源完整认证）","项目实现／记录；可用Git与本报告范围证据"
"game/tests/prototype_06c_manual.gd","5597","BCB1BD2FD2A9D1F8380181BB8FD76BD05767E136AC3661639431D7850B3A5E05","P2","LOW（未发现直接参考输入；不是来源完整认证）","项目实现／记录；可用Git与本报告范围证据"
"game/tests/prototype_06c_manual.gd.uid","20","0567B6973D41E52B241FBACF00A3B09BCFD18203EE3B0D05683EE8DFB2498E2B","P2","LOW（未发现直接参考输入；不是来源完整认证）","项目实现／记录；可用Git与本报告范围证据"
"game/tests/prototype_06c_test.gd","15084","FAD702D8D4DE2F217B9991BEB577EDABB0273225D9FCC2F02EB3EA8F7048BED4","P2","LOW（未发现直接参考输入；不是来源完整认证）","项目实现／记录；可用Git与本报告范围证据"
"game/tests/prototype_06c_test.gd.uid","19","B48916E8EDFFCCBF8E5E29114A192BEDF105E9D5A636F9F24776419D32E3AB7A","P2","LOW（未发现直接参考输入；不是来源完整认证）","项目实现／记录；可用Git与本报告范围证据"
"game/tests/squad_weapon_channels_test.gd","12591","2D15D9B696D59A0754716AA512F0D76934685FB7185168B37F2A89D6D7EB3B92","P2","LOW（未发现直接参考输入；不是来源完整认证）","项目实现／记录；可用Git与本报告范围证据"
"game/tests/squad_weapon_channels_test.gd.uid","20","5DCFD118F5E2237B383A2B3381D2464F1E37BD6AB24AA21F2360756027ACDB07","P2","LOW（未发现直接参考输入；不是来源完整认证）","项目实现／记录；可用Git与本报告范围证据"
"game/tests/fixtures/replay_v1.json","7468","F6B92FEE52250310AC7D13EDBDDC64F50142F3233A8FE6691B1F38BE6763CF15","P2","LOW（未发现直接参考输入；不是来源完整认证）","项目实现／记录；可用Git与本报告范围证据"
"docs/DEVELOPMENT_CONTEXT.md","12203","6F0E2DCB33203C249817ACC263DB26279170B6D5A75D45989C5D3FF8E12FF20A","P2","LOW（未发现直接参考输入；不是来源完整认证）","项目实现／记录；可用Git与本报告范围证据"
"docs/PROJECTILE_SIMULATION_C_DESIGN.md","274","FB2BDA03AC8CAD285E2063A1F255453A9506EFB9CBACAF602C7827510D084497","P2","LOW（未发现直接参考输入；不是来源完整认证）","项目实现／记录；可用Git与本报告范围证据"
"docs/RTT_GAME_DATA.xlsx","14841","0113889F5046869610F5195D7751A31A76D4417C208BD9019C25D9892D8C9AC0","P0","未发现足够复制证据；正式DATA采用legacy baseline","工作簿及正式导出，ISS-PROV-01"
"docs/constraints/DESIGN_BASELINE.md","9391","E2654E3950A03BEAD04F127308A59C7E0CC9007626AFCFF5C93D80977CE1DDA2","P2","LOW（未发现直接参考输入；不是来源完整认证）","项目实现／记录；可用Git与本报告范围证据"
"docs/constraints/PROJECTILE_SIMULATION_C_DESIGN.md","6070","358C3AD2C4F01C70C6BDFE9A0539D5BE8862748894AB9200F3B798E5CD6BB8D8","P2","LOW（未发现直接参考输入；不是来源完整认证）","项目实现／记录；可用Git与本报告范围证据"
"docs/constraints/PROJECTILE_VISIBILITY_CONTRACT.md","6940","B66210A4BF7B9442722144E1C12A406A95610C6A7DF36C9BB86E3381131A038C","P2","LOW（未发现直接参考输入；不是来源完整认证）","项目实现／记录；可用Git与本报告范围证据"
"docs/constraints/REPLAY_FORMAT_V1.md","8354","FA9DD4A37FCA191B1B5350C6E4F48FC7E71A84247CC5CBCEFA796BD4A967B4D1","P2","LOW（未发现直接参考输入；不是来源完整认证）","项目实现／记录；可用Git与本报告范围证据"
"docs/constraints/REPLAY_PLAYBACK.md","4789","7AEFF06079C79B0047BE23E3DC11B330660D7E37FC5FCE882CA220D4F90A0348","P2","LOW（未发现直接参考输入；不是来源完整认证）","项目实现／记录；可用Git与本报告范围证据"
"docs/constraints/REPLAY_RECORDING.md","6157","C64AA1C31E93AC9B71851D5137E906870FB6698D45C4DD05550B8D615F810099","P2","LOW（未发现直接参考输入；不是来源完整认证）","项目实现／记录；可用Git与本报告范围证据"
"docs/constraints/design/COMBAT_RULES.md","35984","A5156334DE697293A7C6B8B692B42F00065597D3344D652C0B7D476CE79F5AEA","P1","来源链不全；不据此判定MEDIUM／HIGH复制风险","当前规范／临时配置；看规则矩阵与ISS-PROV-02/03/04"
"docs/constraints/design/DEPLOYMENT_ECONOMY.md","5613","27A9C9F0E7ABACAA150970914180A14B01BE7983EBC7B8639A13E3B1D989A35D","P1","来源链不全；不据此判定MEDIUM／HIGH复制风险","当前规范／临时配置；看规则矩阵与ISS-PROV-02/03/04"
"docs/constraints/design/FUTURE_PVP.md","1459","016EB6001E3AE57D063AC24B6172BBBCD3448694087263056545A117F8B0D1BC","P1","来源链不全；不据此判定MEDIUM／HIGH复制风险","当前规范／临时配置；看规则矩阵与ISS-PROV-02/03/04"
"docs/constraints/design/MATCH_MISSION.md","8997","E2E83932E9629F05CFC6B9F9ADE2635451A281AC7838CF24013600C90AA820D2","P1","来源链不全；不据此判定MEDIUM／HIGH复制风险","当前规范／临时配置；看规则矩阵与ISS-PROV-02/03/04"
"docs/constraints/design/MOVEMENT_COMMANDS.md","4368","993AAE6B40B7D100851709077EB0B235A9966936271A57BC68D868F8070E876A","P1","来源链不全；不据此判定MEDIUM／HIGH复制风险","当前规范／临时配置；看规则矩阵与ISS-PROV-02/03/04"
"docs/constraints/design/OUT_OF_MATCH.md","2915","605A1B42BCC48C480892448B263FF35CE39212B2F9CA528CBEECB0D95E49E40F","P1","来源链不全；不据此判定MEDIUM／HIGH复制风险","当前规范／临时配置；看规则矩阵与ISS-PROV-02/03/04"
"docs/constraints/design/PENDING_DECISIONS.md","6172","E8D322C7D65976C03AA2F817780BDE9833387701427DCDB4108BDBE8085581A2","P1","来源链不全；不据此判定MEDIUM／HIGH复制风险","当前规范／临时配置；看规则矩阵与ISS-PROV-02/03/04"
"docs/constraints/design/PROJECTILES.md","16828","ABDE2D26A1F31F1FF1240FFD4B33FE9D7E7B5696BB528F3D11678E06E9C97368","P1","来源链不全；不据此判定MEDIUM／HIGH复制风险","当前规范／临时配置；看规则矩阵与ISS-PROV-02/03/04"
"docs/constraints/design/PVE_MISSION_1.md","17147","3115854672E657F2ABE3B184CDAFCB08ECCC173E11972C335F5952BD60A3B789","P1","来源链不全；不据此判定MEDIUM／HIGH复制风险","当前规范／临时配置；看规则矩阵与ISS-PROV-02/03/04"
"docs/constraints/design/TRANSPORT_LOGISTICS.md","9201","D77909868B2770C694AD8763A94A4B4730183711A5282089AF33A7D8DD20B101","P1","来源链不全；不据此判定MEDIUM／HIGH复制风险","当前规范／临时配置；看规则矩阵与ISS-PROV-02/03/04"
"docs/constraints/design/UI_INPUT.md","9309","B6242C4807243449F53245210D2A4C14A7A794321931B79640A0418C6639E59A","P1","来源链不全；不据此判定MEDIUM／HIGH复制风险","当前规范／临时配置；看规则矩阵与ISS-PROV-02/03/04"
"docs/constraints/design/UNIT_CONFIGURATION.md","17854","38198251AC2D03579AEE8A5DCF1531D608939A5FD99D9C97AEAA6B86EADD79FD","P1","来源链不全；不据此判定MEDIUM／HIGH复制风险","当前规范／临时配置；看规则矩阵与ISS-PROV-02/03/04"
"docs/constraints/design/WORLD_VISIBILITY.md","5081","06F58EC1B7EEA6F214F10E4BB16CD69B1AE3343F1691528B545881201BCEC271","P1","来源链不全；不据此判定MEDIUM／HIGH复制风险","当前规范／临时配置；看规则矩阵与ISS-PROV-02/03/04"
"docs/records/CLIENT_PROJECTILE_ACCEPTANCE.md","12265","8423E5C06C291820D08288819C863B223ECB14E248785A1452A265C5299F113B","P2","LOW（未发现直接参考输入；不是来源完整认证）","项目实现／记录；可用Git与本报告范围证据"
"docs/records/CONTEXT_HANDOFF.md","13542","9943F51E8746FA2B3E07C6EF02C1A35A9CD3608ED5A98E5F7B76DEEF0ACB39EA","P2","LOW（未发现直接参考输入；不是来源完整认证）","项目实现／记录；可用Git与本报告范围证据"
"docs/records/CONTEXT_HANDOFF_2026-10-06_DESIGN_RESTRUCTURE.md","5964","64D1E1B364E2115339C04036E7C206B9C595C4859B31E1DA9EC15FB393CF1CD6","P2","LOW（未发现直接参考输入；不是来源完整认证）","项目实现／记录；可用Git与本报告范围证据"
"docs/records/DB33_IMPLEMENTATION_REVIEW.md","6604","6C1D70FBEBF3B75E0B79232A31F316C88C8D1B036A58B97C929C90DE0EF90C7F","P2","LOW（未发现直接参考输入；不是来源完整认证）","项目实现／记录；可用Git与本报告范围证据"
"docs/records/DB37_MANUAL_RECHECK.md","12524","1F0918219E595C88252BE61D2D2C3DBAEC4B7A07269E1666D6F1E1F0C14DCBA2","P2","LOW（未发现直接参考输入；不是来源完整认证）","项目实现／记录；可用Git与本报告范围证据"
"docs/records/HANDOFF.md","9261","81D6F87D0C6E02456E85FC51A43EFDEADD67CDF667E7F1BAC77C5865C003439A","P2","LOW（未发现直接参考输入；不是来源完整认证）","项目实现／记录；可用Git与本报告范围证据"
"docs/records/PLAYER_EXTENSIBILITY_REVIEW.md","1653","5C0B4E93608C58003E31ABD3909D38FC9216ABAF06498CFB78EB76AA54FF92AC","P2","LOW（未发现直接参考输入；不是来源完整认证）","项目实现／记录；可用Git与本报告范围证据"
"docs/records/PROJECTILE_PRESENTATION_REVIEW.md","10735","94E349F7B53DDEEDCC46FFABADE7657E21386D0363C9303F8B148A496CC9241C","P2","LOW（未发现直接参考输入；不是来源完整认证）","项目实现／记录；可用Git与本报告范围证据"
"docs/records/PROTOTYPE_05A.md","4172","86F1249F029422A587BF31211AB9383F80F21172F3F0A8305BD8A4AF1A6B632D","P2","LOW（未发现直接参考输入；不是来源完整认证）","项目实现／记录；可用Git与本报告范围证据"
"docs/records/PROTOTYPE_05B.md","8931","C2BFBCF470E696172A6A585C4F16BB09AD796496399DCEB1951BC6FD90649CB5","P2","LOW（未发现直接参考输入；不是来源完整认证）","项目实现／记录；可用Git与本报告范围证据"
"docs/records/PROTOTYPE_05C.md","20030","FFA4F2544ACA82E7BEE3A0F65739E7F3460F7AA3B56269879CFFBBD4DCC60321","P2","LOW（未发现直接参考输入；不是来源完整认证）","项目实现／记录；可用Git与本报告范围证据"
"docs/records/PROTOTYPE_05D.md","14236","A1BDC585357F55328A3FB139D90732792DE2C0E43FB3DC829E4D9E4194C1D2F8","P2","LOW（未发现直接参考输入；不是来源完整认证）","项目实现／记录；可用Git与本报告范围证据"
"docs/records/PROTOTYPE_05E.md","9167","DAEE15995EFDC8835578348E3FF09346D7DE5F3FEFF487CFC182940A1F488987","P2","LOW（未发现直接参考输入；不是来源完整认证）","项目实现／记录；可用Git与本报告范围证据"
"docs/records/PROTOTYPE_05F.md","16270","435CDD60FAD0DA5FE865FABAA3D0D505878568F89AB52E8E1C4F6413044B44D0","P2","LOW（未发现直接参考输入；不是来源完整认证）","项目实现／记录；可用Git与本报告范围证据"
"docs/records/PROTOTYPE_05G.md","9732","06D6D9885AB8A5779FE4ED34E32D637B35F9E48537E72ACAA06E291B94431851","P2","LOW（未发现直接参考输入；不是来源完整认证）","项目实现／记录；可用Git与本报告范围证据"
"docs/tasks/TASK-2026-001.md","4756","12E5F43959FF69888C73C17BE4A1E00F138B7C1AE01223B99D10D354198210A7","P2","LOW（未发现直接参考输入；不是来源完整认证）","项目实现／记录；可用Git与本报告范围证据"
"docs/tasks/TASK-2026-002.md","11091","0A29DB9E053D3C3CD4FA630442902780301908A47175E62684ED83F5A23F0BFD","P2","LOW（未发现直接参考输入；不是来源完整认证）","项目实现／记录；可用Git与本报告范围证据"
"docs/tasks/TASK-2026-003.md","10129","B1EC706FFF35EDA153AC4F0A957915BE5EA44C230FB929CD8136B5D4B62ACE85","P2","LOW（未发现直接参考输入；不是来源完整认证）","项目实现／记录；可用Git与本报告范围证据"
"docs/tasks/TASK-2026-004.md","23995","93A4F1D88170D06943AE366DC9C2F837594924478432FB91F70D005FBB3FB307","P2","LOW（未发现直接参考输入；不是来源完整认证）","项目实现／记录；可用Git与本报告范围证据"
"docs/tasks/TASK-2026-005.md","7743","E672FA81116591AE1FBC854CD67CBA3B8EFF4CE9A2F73FAB9AC6EDCF822A5C67","P2","LOW（未发现直接参考输入；不是来源完整认证）","项目实现／记录；可用Git与本报告范围证据"
"docs/tasks/TASK-2026-006.md","6225","13F14B93134E2209B245550D4C89C9A9B4D800AB4375AE0AD37FE6DC829E7162","P2","LOW（未发现直接参考输入；不是来源完整认证）","项目实现／记录；可用Git与本报告范围证据"
"docs/tasks/TASK-2026-007.md","4053","A7D86B57B5EC6F2B0742BBA1F0E11FAACF92DE86C44B37078E2B437E2A75D837","P2","LOW（未发现直接参考输入；不是来源完整认证）","项目实现／记录；可用Git与本报告范围证据"
"docs/tasks/TASK-2026-008.md","2461","F6B927D0A0610EB00BD6119FE9C47C0927CD7CE03B54393D869BC4FDD91C382A","P2","LOW（未发现直接参考输入；不是来源完整认证）","项目实现／记录；可用Git与本报告范围证据"
"docs/tasks/TASK-2026-009.md","2470","441098FBD8D0FD03780DE2219485B865CB1EFA09EC78D06754D0E070766A3012","P2","LOW（未发现直接参考输入；不是来源完整认证）","项目实现／记录；可用Git与本报告范围证据"
"docs/tasks/TASK-2026-010.md","2660","FF08413D67074F1DD4AE635EABA2EE8FE135CB15B9AA28783F9C66DD6730837F","P2","LOW（未发现直接参考输入；不是来源完整认证）","项目实现／记录；可用Git与本报告范围证据"
"docs/tasks/TASK-2026-011.md","2154","CD851C4FD934C1FB1DB220B9F5C9B57420649E49F40A958E14A2630C5514E301","P2","LOW（未发现直接参考输入；不是来源完整认证）","项目实现／记录；可用Git与本报告范围证据"
"scripts/start-replay.ps1","4683","AB542A5E4A7EDF154FE7FA4A20EFDE8E042F5C5502032466ADEAB5D01040687A","P2","LOW（未发现直接参考输入；不是来源完整认证）","项目实现／记录；可用Git与本报告范围证据"
"scripts/stop-replay.ps1","2890","2946452AAD303DB69962B79CE4851E2237F6D7605B4BF4A83AF64EB688388ADD","P2","LOW（未发现直接参考输入；不是来源完整认证）","项目实现／记录；可用Git与本报告范围证据"
"tools/AcceptanceUnits.cs","5261","7084B59C26E150A5B107A4B00F9EE90D534A9BA0D401B00B204BFF6E6D63B7A9","P2","LOW（本轮独立合成测试链）","空EditorSession→项目测试字段→保存重载；外部编辑器代码不作完整认证"
"tools/GenerateAcceptanceUnits.ps1","1503","4E4C863FBE68ED89AD292FCF5AFBF6BAA28BC801F7BDE0543AE2D954E8DEDF94","P2","LOW（本轮独立合成测试链）","空EditorSession→项目测试字段→保存重载；外部编辑器代码不作完整认证"
